Title,URL,Date
What Is Data Scraping And How Can You Use It? | Target ...,https://www.targetinternet.com/what-is-data-scraping-and-how-can-you-use-it/,2017. 9. 13. · 업로더: Lucy Provost
What is data scraping? - YouTube,https://www.youtube.com/watch?v=COeMzrSYgvw,2020. 10. 30. · 업로더: The Hindu
What is DATA SCRAPING? What does DATA SCRAPING ...,https://www.youtube.com/watch?v=omTtMylcWOI,2017. 9. 22. · 업로더: The Audiopedia
What Is Web Scraping And How Does Web Crawling Work?,https://www.zyte.com/learn/what-is-web-scraping/,2020. 11. 18. · 업로더: Zyte
Data Scraping for SEO & Analytics - Tutorial - Optimize Smart,https://www.optimizesmart.com/data-scraping-guide-for-seo/,2011. 10. 8. · 업로더: Garrett French CL
Top 30 Free Web Scraping Software in 2021 | Octoparse,https://www.octoparse.com/blog/top-30-free-web-scraping-software,2021. 1. 18. · 업로더: Octoparse
Top 10 Data Scraping Tools for 2021 | Octoparse,https://www.octoparse.com/blog/best-data-scraping-tools-for-2021,2021. 1. 24. · 업로더: Octoparse
5 Best Ways To Use Data Scraping. The internet is full is ...,https://towardsdatascience.com/5-best-ways-to-use-data-scraping-17eda95b6d79,2019. 11. 1. · 업로더: Towards Data Science
Web Scraping Tutorial - How to Scrape Modern Websites for ...,https://www.youtube.com/watch?v=vsmxMLmroyQ,2017. 3. 11. · 업로더: Fullstack Academy
What is Web Scraping and What is it Used For? | ParseHub,https://www.parsehub.com/blog/what-is-web-scraping/,2019. 8. 6. · 업로더: ParseHub
Web Scraping Software - UiPath,https://www.uipath.com/solutions/technology/web-scraping-software,2015. 1. 31. · 업로더: UiPath
Web Scraping vs Web Crawling: The Differences - Blog ...,https://oxylabs.io/blog/crawling-vs-scraping,2020. 12. 17. · 업로더: Oxylabs
Data Scraping and Analysis using Python | by Jasmeet Singh ...,https://towardsdatascience.com/competitive-price-data-scraping-and-analysis-using-python-a1f34758155,2020. 5. 24. · 업로더: Miguel Albrecht
20 best web scraping tools for 2020 - ScrapingBee,https://www.scrapingbee.com/blog/web-scraping-tools/,2021. 2. 12. · 업로더: Web Scraper
What is web scraping? Here's what you need to know,https://www.businessinsider.com/what-is-web-scraping,2021. 1. 14.
Top 5 Social Media Scraping Tools for 2021 | Octoparse,https://www.octoparse.com/blog/top-5-social-media-scraping-tools-for-2021,2021. 1. 23. · 업로더: Octoparse
Watch | What is data scraping? - The Hindu,https://www.thehindu.com/sci-tech/technology/what-is-data-scraping/article32908610.ece,2020. 10. 21.
"Big Data: What Is Web Scraping, and Why Does It Matter ...",https://www.octoparse.com/blog/big-data-what-is-web-scraping-and-why-does-it-matter,2021. 1. 25. · 업로더: Octoparse
Web Scraping 101: 10 Myths that Everyone Should Know ...,https://www.octoparse.com/blog/10-myths-about-web-scraping,2021. 1. 19. · 업로더: Octoparse
Web Data Extraction Automation - UiPath,https://www.uipath.com/learning/video-tutorials/web-data-extraction-automation,2021. 1. 19. · 업로더: UiPath
Web scraping with Python | Learn How To Scrape Data Using ...,https://www.youtube.com/watch?v=ktNAhLp0ymg,2020. 7. 8. · 업로더: Great Learning
Automate Web Data Extraction and Data Scraping ...,https://www.helpsystems.com/product-lines/automate/data-scraping-extraction,2015. 9. 6.
Web Scraping Examples: How are Businesses Using Web ...,https://www.parsehub.com/blog/web-scraping-examples/,2019. 10. 28. · 업로더: ParseHub
Intro to Web Scraping with Python and Beautiful Soup - YouTube,https://www.youtube.com/watch?v=XQgXKtPSzUI,2017. 1. 7. · 업로더: Data Science Dojo
Data Scraping In UiPath Rpa Example - YouTube,https://www.youtube.com/watch?v=WtyiwEVF2-w,2019. 5. 31. · 업로더: KB Tutorials
Web Scraping Benefits - Diffbot,https://www.diffbot.com/web-scraping/,2020. 12. 17. · 업로더: Diffbot
QVC Can't Stop Web Scraping - Forbes,https://www.forbes.com/sites/ericgoldman/2015/03/24/qvc-cant-stop-web-scraping/,2015. 3. 24.
Web Scraping vs Data Mining: What's the Difference ...,https://www.parsehub.com/blog/web-scraping-vs-data-mining/,2020. 3. 2. · 업로더: ParseHub
Web Scraping Examples: Who Use Data Scraping | Octoparse,https://www.octoparse.com/blog/examples-of-who-use-data-scraping,2021. 1. 26. · 업로더: Octoparse
Web Scraping and APIs — Interactive Python Course,https://www.dataquest.io/course/apis-and-scraping/,2020. 10. 28. · 업로더: Dataquest
UiPath Data Scraping (Web Page to Excel) - Tutorial - YouTube,https://www.youtube.com/watch?v=vIAJvk4quqA,2020. 1. 22. · 업로더: Anders Jensen
Web Scraping With Python | Python Web Scraping Tutorial For ...,https://www.youtube.com/watch?v=HXzhC-CzAJ4,2020. 9. 20. · 업로더: Simplilearn
Screen Scraping Any Desktop Application - UiPath,https://www.uipath.com/learning/video-tutorials/screen-scraping-desktop-application,2014. 12. 19. · 업로더: UiPath
Citrix Automation. OCR Data Extraction - UiPath,https://www.uipath.com/learning/video-tutorials/citrix-automation-ocr-data-extraction,2014. 9. 13. · 업로더: UiPath
Web Scraping vs API: What's the Difference? | ParseHub,https://www.parsehub.com/blog/web-scraping-vs-api/,2020. 3. 9. · 업로더: ParseHub
Web Scraping VS Data Mining: What's the Difference ...,https://www.youtube.com/watch?v=ssUeAe30UTI,2020. 3. 16. · 업로더: ParseHub
Automate Web Data Extraction - UiPath Studio - YouTube,https://www.youtube.com/watch?v=m_PkWeHSOrE,2014. 10. 6. · 업로더: UiPath
How To Scrape Google For 1000's of Leads. Web Scraping ...,https://www.youtube.com/watch?v=EPxeQjKaTsk,2020. 4. 22. · 업로더: Arpit Khurana
What is Web Scraping and What is it Used For? | Definition ...,https://www.youtube.com/watch?v=Ct8Gxo8StBU,2019. 9. 27. · 업로더: ParseHub
Data Scraping Automation Webinar | HelpSystems,https://www.helpsystems.com/resources/on-demand-webinars/automate-data-scraping,2017. 2. 24.
Top Web Scraping Services For Your Ecommerce Store ...,https://firebearstudio.com/blog/ecommerce-magento-web-scraping.html,2017. 2. 13. · 업로더: import.io
Web Scraping: The Comprehensive Guide for 2020 ...,https://prowebscraper.com/blog/what-is-web-scraping/,2020. 2. 17. · 업로더: ProWebScraper
What Is Web Scraping and 5 Findings about Web Scraping ...,https://www.octoparse.com/blog/what-is-web-scraping,2021. 2. 1. · 업로더: Octoparse
The A-Z of Web Scraping in 2020 [A How-To Guide] - DZone ...,https://dzone.com/articles/the-a-z-of-web-scraping-in-2020-a-how-to-guide,2020. 9. 1. · 업로더: Dmitry Narizhnykh
Web Scraping Tool | Free Browser Extensions | Grepsr,https://www.grepsr.com/browser-extensions/,2016. 6. 9.
Tools to scrape leads for Enterprise and B2B Outbound ...,https://medium.com/paua-insights/scrape-leads-for-enterprise-and-b2b-outbound-marketing-%EF%B8%8F-c30fd587d915,2018. 4. 20. · 업로더: Data Miner
How to Scrape Websites at Large Scale | Octoparse,https://www.octoparse.com/blog/scrape-websites-at-large-scale,2021. 1. 20. · 업로더: Octoparse
Web Scraping with Python - Beautiful Soup Crash Course ...,https://www.youtube.com/watch?v=XVv6mJpFOb0,2020. 11. 19. · 업로더: freeCodeCamp.org
Scraping and Cleaning Data | Journalist's Toolbox,https://www.journaliststoolbox.org/2021/03/19/find-scrape-and-clean-data/,2021. 3. 19. · 업로더: journaliststoolbox
Best Data Scraping Tools for 2021 (Top 10 Reviews) | by ...,https://medium.datadriveninvestor.com/best-data-scraping-tools-for-2019-top-10-reviews-4a686061a184,2019. 5. 6. · 업로더: Octoparse
Web Scraping with Python Made Easy | by Jose Manu ...,https://towardsdatascience.com/web-scraping-with-python-made-easy-f069ffaf7754,2020. 1. 28. · 업로더: Coding Fun
web scraping using python for beginners - YouTube,https://www.youtube.com/watch?v=0_VZ7NpVw1Y,2018. 2. 15. · 업로더: Hitesh Choudhary
Tidy web scraping in R — Tutorial and resources | by Keith ...,https://towardsdatascience.com/tidy-web-scraping-in-r-tutorial-and-resources-ac9f72b4fe47,2019. 7. 28. · 업로더: Yrrah0015
Robust & Resilient Web Scraping with AutoScrape | by Ravi ...,https://medium.com/analytics-vidhya/robust-resilient-web-scraping-with-autoscrape-3988169f1e22,2020. 9. 27. · 업로더: Brandon Roberts
Screen Scraping software for desktop and web - UiPath,https://www.uipath.com/ko/solutions/technology/screen-scraping,2019. 9. 7. · 업로더: UiPath
Web Scraping with BeautifulSoup - YouTube,https://www.youtube.com/watch?v=cMFQSmEfbSE,2018. 12. 21. · 업로더: Intellipaat
Work with UI Elements for UI Automation with Studio - UiPath,https://www.uipath.com/learning/video-tutorials/advanced-ui-automation,2014. 12. 6.
How much does Web Scraping cost? | ParseHub,https://www.parsehub.com/blog/web-scraping-cost/,2020. 4. 6. · 업로더: ParseHub
Is Web Scraping Easy? How to Scrape Data without Coding ...,https://www.parsehub.com/blog/web-scraping-easy/,2020. 2. 10. · 업로더: ParseHub
11 Popular Cloud-based Web Scraping Solutions - Geekflare,https://geekflare.com/web-scraping-tools/,2020. 11. 27. · 업로더: Web Scraper
Web scraping in Python (Part 3): Building a dataset - YouTube,https://www.youtube.com/watch?v=v5DDW5dyfyc,2017. 8. 12. · 업로더: Data School
Top 20 Web Crawling Tools to Scrape the Websites Quickly ...,https://www.octoparse.com/blog/top-20-web-crawling-tools-for-extracting-web-data,2021. 2. 1. · 업로더: Octoparse
How does web scraping work? | ParseHub,https://www.parsehub.com/blog/how-web-scraping-works/,2020. 2. 24. · 업로더: ParseHub
Chapter 11 Web Scraping | 보건학데이터과학 실습 워크샵,https://bookdown.org/jinhaslab/testing/web-scraping.html,2020. 11. 1.
The Essential Guide To Web Scraping Tools | Understanding ...,https://understandingdata.com/web-scraping-tools/,2020. 3. 27. · 업로더: ParseHub
5 Best Web Scraping Tools in 2020! - YouTube,https://www.youtube.com/watch?v=QbkXCkcmHJI,2019. 4. 8. · 업로더: Octoparse
Instant Data Scraper,https://chrome.google.com/webstore/detail/instant-data-scraper/ofaokhiedipichpaobibbnahnkdoiiah/related?hl=zh-CN,2021. 1. 28. · 업로더: Web Robots
Web scraping in Power BI | Community Webinar - YouTube,https://www.youtube.com/watch?v=YcdqYCWIozE,2020. 1. 8. · 업로더: Microsoft Power BI
Intro To Web Scraping With Python - YouTube,https://www.youtube.com/watch?v=4UcqECQe5Kc,2018. 7. 29. · 업로더: Traversy Media
Web Scraping with Python and AWS | Energy Saving App Part ...,https://towardsdatascience.com/web-scraping-with-python-and-aws-energy-saving-app-part-1-5c12eb78770a,2020. 8. 16. · 업로더: Eoin Coogan
Web Scraping : Extract Any Data in 5 Minutes | by Jeevan ...,https://medium.com/@jeevanchavan143/web-scraping-extract-any-data-in-5-minutes-67c8ec01d704,2020. 5. 1. · 업로더: jeevan chavan
WEB SCRAPING WITH SCRAPY - INTRODUCTION AND ...,https://www.youtube.com/watch?v=yWRkc_E9CYg,2018. 2. 9. · 업로더: Art of Visualization
5 Top Tips for Data Scraping Using Selenium in Python | by ...,https://towardsdatascience.com/5-top-tips-for-data-scraping-using-selenium-d8b83804681c,2020. 8. 9. · 업로더: Stephen Fordham
Data Mining and Scraping - Digital Marketing Lesson - DMI,https://digitalmarketinginstitute.com/resources/lessons/analytics_data-mining-and-scraping_3hhd,2020. 6. 27.
Web Scraping Tutorial | Python Beautifulsoup ... - YouTube,https://www.youtube.com/watch?v=mKxFfjNyj3c,2017. 12. 13. · 업로더: edureka!
"[UiPath 강의] Data Scraping, Data Manipulation, Excel ...",https://www.youtube.com/watch?v=QYgTMk7RgJ4,2019. 10. 1. · 업로더: UiPath Community
Beautiful Soup Tutorial - Web Scraping in Python - YouTube,https://www.youtube.com/watch?v=87Gx3U0BDlo,2019. 1. 5. · 업로더: freeCodeCamp.org
Seven tools for web scraping – To use for data journalism ...,https://www.notprovided.eu/7-tools-web-scraping-use-data-journalism-creating-insightful-content/,2014. 1. 21.
Web Scraper intro tutorial - YouTube,https://www.youtube.com/watch?v=n7fob_XVsbY,2019. 6. 25. · 업로더: Web Scraper
No API? No Problem! Let the Robot Do Your Work! Web ...,https://www.outsystems.com/nextstep/2019/?wchannelid=lxt52ix89e&wmediaid=dmdhl76g8n,2019. 11. 5.
What can Web Scraping be Used For? | ParseHub,https://www.parsehub.com/blog/web-scraping-uses/,2020. 2. 17. · 업로더: ParseHub
Web Scraping With Node.js: How To Scrape Websites/Apps ...,https://medium.com/@ItsMeDannyZ/web-scraping-with-node-js-how-to-scrape-websites-apps-with-puppeteer-node-js-a95281fdad40,2020. 3. 21. · 업로더: Daniel Zuzevich
PDF Scraper - Document Scraping for Data Providers ...,https://docparser.com/industries/pdf-scraper-data-providers,2017. 8. 27. · 업로더: Docparser
Can you Make Money from Web Scraping? Of Course ...,https://www.parsehub.com/blog/web-scraping-money/,2020. 3. 30. · 업로더: ParseHub
Data Scraping | Gavagai,https://www.gavagai.io/solutions/scraping/,2020. 1. 24. · 업로더: Gavagai
3i Data Scraping - Web Scraping Services Company - Scrape ...,https://www.facebook.com/3idatascrapingservices/videos/scrape-extract-linkedin-facebook-data-services/291937064284120/,2013. 7. 17.
3i Data Scraping - Web Scraping Services Company - Data ...,https://www.facebook.com/3idatascrapingservices/videos/data-scraping-services-india-web-scraping-services-3i-data-/207435362734291/,
Comprehensive Guide: How to Scrape Data from Online ...,https://netpeaksoftware.com/blog/how-to-scrape-data-from-online-stores-with-a-crawler,2019. 8. 29. · 업로더: Netpeak Software
Web Scraping vs. Data API Scraping - Alternatives to HTML ...,https://www.youtube.com/watch?v=zj7pXM9gE5M,2020. 6. 1. · 업로더: Stevesie Data
Web Scraping for SQL Machine learning using R scripts,https://www.sqlshack.com/web-scraping-for-sql-machine-learning-using-r-scripts/,2020. 12. 14. · 업로더: ApexSQL by Quest
Real Estate Web Scraping: Changing This Industry - Blog ...,https://oxylabs.io/blog/data-scraping-for-real-estate,2020. 5. 11. · 업로더: Oxylabs
"How to Scrape Amazon Product Data for Free: Names, Pricing ...",https://www.parsehub.com/blog/scrape-amazon-product-data/,2020. 11. 9. · 업로더: ParseHub
OCR Screen Scraping with built-in OCR. Free RPA software ...,https://ui.vision/rpa/x/desktop-automation/screen-scraping,2019. 5. 13. · 업로더: UI.Vision
FAQ|15 Most Frequently Asked Questions about Web Scraping,https://www.octoparse.com/blog/15-most-frequently-asked-questions-of-web-scraping,2021. 1. 26. · 업로더: Octoparse
Our Beginners Guide to Web Scraping | Introduction to Web ...,https://www.parsehub.com/blog/beginners-guide-to-web-scraping/,2020. 11. 17. · 업로더: ParseHub
3i Data Scraping - Web Scraping Services Company - Why ...,https://www.facebook.com/3idatascrapingservices/videos/219038758240618/,
How to Scrape Search Results from a List of Keywords ...,https://www.parsehub.com/blog/scrape-from-a-list-of-keywords/,2020. 10. 26. · 업로더: ParseHub
Web scraping in Python (Part 1): Getting started - YouTube,https://www.youtube.com/watch?v=r_xb0vF1uMc,2017. 8. 12. · 업로더: Data School
Python Tutorial: Web Scraping with BeautifulSoup and ...,https://www.youtube.com/watch?v=ng2o98k983k,2017. 11. 9. · 업로더: Corey Schafer
Web scraping using Python – Linux Hint,https://linuxhint.com/web_scraping_python/,2019. 10. 7.
